,acc,binary_f1,dataset,model_dir_name,network
0,0.6836734693877551,0.6835203986169162,cmu_mosi,1598547707,simpleNN
